{
    "per_fold": {
        "fold_0": {
            "overall": {
                "hamming_accuracy": 0.7051886792452831,
                "subset_accuracy": 0.1320754716981132,
                "precision": 0.7138392857142857,
                "recall": 0.3972593951722808,
                "f1": 0.47196272453709526
            },
            "per_manipulation": {
                "peer pressure": {
                    "precision": 0.7142857142857143,
                    "recall": 0.2631578947368421,
                    "f1": 0.38461538461538464
                },
                "reciprocity pressure": {
                    "precision": 0.6666666666666666,
                    "recall": 0.3076923076923077,
                    "f1": 0.42105263157894735
                },
                "gaslighting": {
                    "precision": 0.8333333333333334,
                    "recall": 0.20833333333333334,
                    "f1": 0.3333333333333333
                },
                "guilt-tripping": {
                    "precision": 0.7857142857142857,
                    "recall": 0.39285714285714285,
                    "f1": 0.5238095238095238
                },
                "emotional blackmail": {
                    "precision": 0.75,
                    "recall": 0.2,
                    "f1": 0.3157894736842105
                },
                "general": {
                    "precision": 0.675,
                    "recall": 0.9310344827586207,
                    "f1": 0.782608695652174
                },
                "fear enhancement": {
                    "precision": 0.7142857142857143,
                    "recall": 0.625,
                    "f1": 0.6666666666666666
                },
                "negging": {
                    "precision": 0.5714285714285714,
                    "recall": 0.25,
                    "f1": 0.34782608695652173
                }
            }
        },
        "fold_1": {
            "overall": {
                "hamming_accuracy": 0.7522727272727273,
                "subset_accuracy": 0.2,
                "precision": 0.8115381297446516,
                "recall": 0.4162039757627993,
                "f1": 0.49450011920060377
            },
            "per_manipulation": {
                "peer pressure": {
                    "precision": 1.0,
                    "recall": 0.45,
                    "f1": 0.6206896551724138
                },
                "reciprocity pressure": {
                    "precision": 1.0,
                    "recall": 0.07692307692307693,
                    "f1": 0.14285714285714285
                },
                "gaslighting": {
                    "precision": 0.7142857142857143,
                    "recall": 0.17857142857142858,
                    "f1": 0.2857142857142857
                },
                "guilt-tripping": {
                    "precision": 0.7333333333333333,
                    "recall": 0.6470588235294118,
                    "f1": 0.6875
                },
                "emotional blackmail": {
                    "precision": 0.5,
                    "recall": 0.16666666666666666,
                    "f1": 0.25
                },
                "general": {
                    "precision": 0.8055555555555556,
                    "recall": 0.8787878787878788,
                    "f1": 0.8405797101449275
                },
                "fear enhancement": {
                    "precision": 0.7391304347826086,
                    "recall": 0.6538461538461539,
                    "f1": 0.6938775510204082
                },
                "negging": {
                    "precision": 1.0,
                    "recall": 0.2777777777777778,
                    "f1": 0.43478260869565216
                }
            }
        },
        "fold_2": {
            "overall": {
                "hamming_accuracy": 0.7101063829787234,
                "subset_accuracy": 0.1276595744680851,
                "precision": 0.7058774558774559,
                "recall": 0.38710148951925266,
                "f1": 0.46474957042708187
            },
            "per_manipulation": {
                "peer pressure": {
                    "precision": 0.7142857142857143,
                    "recall": 0.35714285714285715,
                    "f1": 0.47619047619047616
                },
                "reciprocity pressure": {
                    "precision": 0.3333333333333333,
                    "recall": 0.18181818181818182,
                    "f1": 0.23529411764705882
                },
                "gaslighting": {
                    "precision": 0.5714285714285714,
                    "recall": 0.16,
                    "f1": 0.25
                },
                "guilt-tripping": {
                    "precision": 0.8181818181818182,
                    "recall": 0.47368421052631576,
                    "f1": 0.6
                },
                "emotional blackmail": {
                    "precision": 1.0,
                    "recall": 0.1875,
                    "f1": 0.3157894736842105
                },
                "general": {
                    "precision": 0.696969696969697,
                    "recall": 0.92,
                    "f1": 0.7931034482758621
                },
                "fear enhancement": {
                    "precision": 0.8461538461538461,
                    "recall": 0.55,
                    "f1": 0.6666666666666666
                },
                "negging": {
                    "precision": 0.6666666666666666,
                    "recall": 0.26666666666666666,
                    "f1": 0.38095238095238093
                }
            }
        },
        "fold_3": {
            "overall": {
                "hamming_accuracy": 0.6785714285714286,
                "subset_accuracy": 0.08928571428571429,
                "precision": 0.703664143466775,
                "recall": 0.3336051520318762,
                "f1": 0.4151841924060594
            },
            "per_manipulation": {
                "peer pressure": {
                    "precision": 0.6666666666666666,
                    "recall": 0.36363636363636365,
                    "f1": 0.47058823529411764
                },
                "reciprocity pressure": {
                    "precision": 0.3333333333333333,
                    "recall": 0.08333333333333333,
                    "f1": 0.13333333333333333
                },
                "gaslighting": {
                    "precision": 0.6,
                    "recall": 0.10344827586206896,
                    "f1": 0.17647058823529413
                },
                "guilt-tripping": {
                    "precision": 0.7857142857142857,
                    "recall": 0.4230769230769231,
                    "f1": 0.55
                },
                "emotional blackmail": {
                    "precision": 0.75,
                    "recall": 0.21428571428571427,
                    "f1": 0.3333333333333333
                },
                "general": {
                    "precision": 0.7567567567567568,
                    "recall": 0.875,
                    "f1": 0.8115942028985508
                },
                "fear enhancement": {
                    "precision": 0.7368421052631579,
                    "recall": 0.42424242424242425,
                    "f1": 0.5384615384615384
                },
                "negging": {
                    "precision": 1.0,
                    "recall": 0.18181818181818182,
                    "f1": 0.3076923076923077
                }
            }
        },
        "fold_4": {
            "overall": {
                "hamming_accuracy": 0.6339285714285714,
                "subset_accuracy": 0.14285714285714285,
                "precision": 0.6463541666666666,
                "recall": 0.33421628519828983,
                "f1": 0.3994231280415491
            },